"acc_1","acc_2","age","avg_rt","condition","correct_1","correct_2","count_block_loop","dis_position","distance_dis","distance_tar","gender","hand","practice","response_keyboard_response_1","response_keyboard_response_2","response_time_keyboard_response_1","response_time_keyboard_response_2","subject_nr","tar_position"
"100","0","20","1078.06711421","low_load","1","0","0","","6","3","Female","Right-handed","yes","down","s","993.927398838","1162.20682958","6","7"
"100","50","20","985.558890024","low_load","1","1","0","","6","1","Female","Right-handed","yes","down","s","800.279928502","985.821403177","6","3"
"100","66","20","917.488657305","low_load","1","1","0","","6","1","Female","Right-handed","yes","left","d","801.407917217","761.288466518","6","3"
"100","75","20","871.367191598","low_load","1","1","0","","6","4","Female","Right-handed","yes","down","s","695.841708257","770.163880694","6","6"
"100","80","20","836.935007388","low_load","1","1","0","","6","1","Female","Right-handed","yes","down","s","780.746833083","617.665708021","6","1"
"100","83","20","814.769681725","low_load","1","1","0","","6","4","Female","Right-handed","yes","left","d","710.409344119","697.476762693","6","6"
"100","85","20","807.183000419","low_load","1","1","0","","6","3","Female","Right-handed","yes","left","d","609.128337663","914.197487509","6","7"
"100","87","20","788.583640508","low_load","1","1","0","","6","3","Female","Right-handed","yes","left","s","570.764854605","746.011387651","6","5"
"100","88","20","803.252476146","low_load","1","1","0","","6","2","Female","Right-handed","yes","left","d","783.577228416","1057.62909409","6","4"
"100","90","20","793.648849448","low_load","1","1","0","","6","2","Female","Right-handed","yes","down","d","724.190242334","690.242176002","6","4"
"100","90","20","784.442674822","low_load","1","1","0","","6","3","Female","Right-handed","yes","left","s","670.754623487","714.007233622","6","5"
"100","91","20","768.615568917","low_load","1","1","0","","6","3","Female","Right-handed","yes","left","d","587.427143379","601.60766455","6","7"
"100","92","20","759.635241791","low_load","1","1","0","","6","2","Female","Right-handed","yes","down","s","558.396427896","745.346204658","6","0"
"100","85","20","784.767311722","low_load","1","0","0","","6","3","Female","Right-handed","yes","left","d","1237.0771205","985.891321157","6","5"
"100","86","20","858.856592982","low_load","1","1","0","","6","4","Female","Right-handed","yes","left","s","630.515221754","3161.6978395","6","6"
"100","87","20","847.625697215","low_load","1","1","0","","6","0","Female","Right-handed","yes","down","d","692.11071801","666.213803412","6","2"
"100","88","20","838.967201996","low_load","1","1","0","","6","3","Female","Right-handed","yes","down","d","711.087997552","689.774559411","6","5"
"100","88","20","845.907273291","low_load","1","1","0","","6","4","Female","Right-handed","yes","down","d","718.397633824","1209.3793368","6","6"
"100","89","20","834.894291929","low_load","1","1","0","","6","2","Female","Right-handed","yes","left","d","664.153147318","609.168107523","6","0"
"100","90","20","843.09529468","low_load","1","1","0","","6","3","Female","Right-handed","yes","left","d","1379.98722874","617.841465148","6","7"
"100","90","20","839.714563278","low_load","1","1","0","","6","1","Female","Right-handed","yes","left","d","702.55191009","841.647960398","6","1"
"100","90","20","839.868193526","low_load","1","1","0","","6","2","Female","Right-handed","yes","left","d","1148.98463376","537.204223685","6","4"
"100","91","20","837.457643599","low_load","1","1","0","","6","2","Female","Right-handed","yes","left","d","806.954209173","761.896881242","6","4"
"100","91","20","843.856858115","low_load","1","1","0","","6","1","Female","Right-handed","yes","down","d","964.450234595","1017.62734935","6","1"
"100","92","20","840.334361897","low_load","1","1","0","","6","0","Female","Right-handed","yes","down","d","902.29603594","609.292869423","6","2"
"100","92","20","832.128395367","low_load","1","1","0","","6","2","Female","Right-handed","yes","down","d","635.93963833","618.018825895","6","4"
"100","92","20","828.480513475","low_load","1","1","0","","6","1","Female","Right-handed","yes","left","s","689.588539099","777.682629454","6","1"
"100","92","20","820.88638635","low_load","1","1","0","","6","1","Female","Right-handed","yes","left","d","646.273066923","585.416841059","6","3"
"100","93","20","815.369925343","low_load","1","1","0","","6","4","Female","Right-handed","yes","down","d","839.869542026","481.948492255","6","6"
"100","93","20","806.980989686","low_load","1","1","0","","6","2","Female","Right-handed","yes","left","s","589.568301366","537.835409865","6","0"
"100","93","20","799.20223149","low_load","1","1","0","","6","0","Female","Right-handed","yes","left","d","666.30392705","465.375044219","6","2"
"100","93","20","793.527842029","low_load","1","1","0","","6","2","Female","Right-handed","yes","down","d","650.123366751","585.120170726","6","0"
"100","100","20","1088.23039835","low_load","1","1","1","2","0","2","Female","Right-handed","no","down","s","958.576162007","1217.88463469","6","4"
"50","100","20","1363.07581707","low_load","0","1","1","","6","0","Female","Right-handed","no","down","d","940.440464037","2335.40200755","6","2"
"66","100","20","1170.03657437","low_load","1","1","1","","6","4","Female","Right-handed","no","down","s","861.979018831","705.937159131","6","6"
"75","100","20","1155.46736161","low_load","1","1","1","0","2","2","Female","Right-handed","no","left","s","1253.81349667","969.705949989","6","4"
"80","100","20","1074.9468479","low_load","1","1","1","","6","1","Female","Right-handed","no","left","s","688.348296742","817.381289373","6","1"
"66","100","20","1120.71077508","low_load","0","1","1","2","0","1","Female","Right-handed","no","left","d","902.044908511","1797.0159134","6","1"
"71","100","20","1083.99215911","low_load","1","1","1","","6","0","Female","Right-handed","no","down","s","1005.73840604","721.622520519","6","2"
"75","87","20","1122.02908716","low_load","1","0","1","2","0","2","Female","Right-handed","no","down","d","1383.27112878","1393.30403834","6","0"
"77","88","20","1156.73029524","low_load","1","1","1","0","2","3","Female","Right-handed","no","left","s","2170.83239922","697.84752043","6","5"
"80","90","20","1140.39549844","low_load","1","1","1","7","3","1","Female","Right-handed","no","down","s","1017.44710208","969.317552397","6","1"
"81","90","20","1146.2652529","low_load","1","1","1","1","1","2","Female","Right-handed","no","left","d","1296.93396824","1112.99162684","6","0"
"83","91","20","1138.89315185","low_load","1","1","1","","6","4","Female","Right-handed","no","down","d","1073.81254091","1041.78753978","6","6"
"84","92","20","1139.1210915","low_load","1","1","1","4","2","3","Female","Right-handed","no","left","d","1298.38749251","985.325242094","6","5"
"85","92","20","1117.3916946","low_load","1","1","1","","6","2","Female","Right-handed","no","left","d","868.985570276","800.83349931","6","0"
"86","93","20","1142.47302465","low_load","1","1","1","2","0","1","Female","Right-handed","no","left","d","2185.59567714","801.627613626","6","1"
"87","93","20","1122.52680176","low_load","1","1","1","2","0","3","Female","Right-handed","no","down","s","853.367881795","793.299035035","6","5"
"88","94","20","1111.99549371","low_load","1","1","1","2","0","2","Female","Right-handed","no","left","d","1012.91782809","874.071301587","6","4"
"88","94","20","1100.50438055","low_load","1","1","1","","6","2","Female","Right-handed","no","down","s","896.616001788","913.694911927","6","0"
"89","94","20","1088.18705832","low_load","1","1","1","2","0","1","Female","Right-handed","no","down","d","875.53893774","857.411578607","6","3"
"90","95","20","1076.47797151","low_load","1","1","1","","6","2","Female","Right-handed","no","down","d","786.004472826","922.006171382","6","4"
"90","95","20","1061.91728239","low_load","1","1","1","","6","3","Female","Right-handed","no","left","s","811.69868942","729.708310522","6","7"
"90","95","20","1065.26885082","low_load","1","1","1","2","0","3","Female","Right-handed","no","left","d","942.079687899","1329.22388796","6","7"
"91","95","20","1054.55577072","low_load","1","1","1","1","1","3","Female","Right-handed","no","down","d","692.851271306","944.884745983","6","7"
"91","95","20","1048.17350901","low_load","1","1","1","3","1","0","Female","Right-handed","no","down","d","1033.24888652","769.514092481","6","2"
"92","96","20","1037.53600054","low_load","1","1","1","","6","3","Female","Right-handed","no","down","s","843.123614668","721.34798019","6","5"
"92","96","20","1037.59191815","low_load","1","1","1","","6","3","Female","Right-handed","no","left","d","700.946683046","1377.03303368","6","5"
"92","96","20","1028.42326293","low_load","1","1","1","2","0","3","Female","Right-handed","no","down","d","682.451131983","897.625322366","6","7"
"92","96","20","1032.54363013","low_load","1","1","1","2","0","2","Female","Right-handed","no","down","s","1118.32624051","1169.26084827","6","0"
"93","96","20","1033.67276843","low_load","1","1","1","","6","1","Female","Right-handed","no","down","s","737.781912987","1392.79536899","6","1"
"93","96","20","1027.66331648","low_load","1","1","1","","6","3","Female","Right-handed","no","down","d","738.370763509","968.40765647","6","7"
"93","96","20","1023.40732545","low_load","1","1","1","4","2","1","Female","Right-handed","no","down","d","942.145115732","849.310073096","6","3"
"93","96","20","1028.47240898","low_load","1","1","1","","6","0","Female","Right-handed","no","left","d","857.950396079","1513.02960064","6","2"
"93","96","20","1025.00289454","low_load","1","1","1","2","0","2","Female","Right-handed","no","left","s","978.488033281","849.468831813","6","0"
"94","97","20","1023.65471418","low_load","1","1","1","2","0","1","Female","Right-handed","no","left","s","917.21935548","1041.11016925","6","1"
"94","97","20","1016.72856882","low_load","1","1","1","2","0","2","Female","Right-handed","no","left","s","641.587600014","920.89165311","6","4"
"94","97","20","1029.00038473","low_load","1","1","1","2","0","1","Female","Right-handed","no","down","d","2067.5872748","849.440608043","6","3"
"94","97","20","1019.95883143","low_load","1","1","1","1","1","3","Female","Right-handed","no","left","d","684.046737286","704.8790884","6","5"
"94","97","20","1012.47960001","low_load","1","1","1","2","0","3","Female","Right-handed","no","down","d","718.661269511","752.834805298","6","7"
"94","97","20","1009.43944143","low_load","1","1","1","","6","1","Female","Right-handed","no","left","d","970.34355066","817.483279818","6","3"
"95","97","20","1000.92275298","low_load","1","1","1","2","0","3","Female","Right-handed","no","down","d","640.374619263","697.169187726","6","7"
"95","97","20","990.41954301","low_load","1","1","1","2","0","2","Female","Right-handed","no","left","d","523.692413484","616.889875011","6","4"
"95","97","20","992.574486666","low_load","1","1","1","5","3","4","Female","Right-handed","no","down","s","1184.30508102","977.549272131","6","6"
"95","97","20","991.125551728","low_load","1","1","1","","6","1","Female","Right-handed","no","left","d","1131.32585339","729.214715233","6","1"
"95","97","20","986.800407985","low_load","1","1","1","3","1","1","Female","Right-handed","no","down","d","904.836175436","696.802278686","6","1"
"95","97","20","978.429565171","low_load","1","1","1","","6","2","Female","Right-handed","no","down","s","658.598516522","561.62644619","6","4"
"95","97","20","980.761288006","low_load","1","1","1","0","2","1","Female","Right-handed","no","left","s","1034.19342072","1137.18421047","6","3"
"95","97","20","976.603308324","low_load","1","1","1","2","0","4","Female","Right-handed","no","down","d","890.882406613","679.790079281","6","6"
"95","97","20","975.78801253","low_load","1","1","1","2","0","4","Female","Right-handed","no","left","d","1025.41646902","849.521751388","6","6"
"95","97","20","974.07052203","low_load","1","1","1","3","1","3","Female","Right-handed","no","left","s","646.000450939","1137.26150511","6","7"
"96","98","20","975.956239041","low_load","1","1","1","2","0","1","Female","Right-handed","no","down","d","1487.88254036","648.830204824","6","1"
"96","98","20","969.293130155","low_load","1","1","1","2","0","2","Female","Right-handed","no","left","d","671.697554059","600.57781759","6","4"
"96","98","20","969.914633821","low_load","1","1","1","","6","1","Female","Right-handed","no","left","s","1058.16855301","945.054088614","6","3"
"96","98","20","965.412865527","low_load","1","1","1","","6","4","Female","Right-handed","no","down","s","805.834238578","656.807589887","6","6"
"96","98","20","972.202589714","low_load","1","1","1","2","0","3","Female","Right-handed","no","left","s","799.565995359","1864.5499479","6","5"
"96","98","20","968.921294134","low_load","1","1","1","2","0","4","Female","Right-handed","no","left","s","798.253269226","785.209396334","6","6"
"96","98","20","965.509788678","low_load","1","1","1","2","0","3","Female","Right-handed","no","down","d","810.855183503","744.898793721","6","5"
"96","98","20","962.946998001","low_load","1","1","1","","6","3","Female","Right-handed","no","down","s","638.425896083","1000.43554412","6","7"
"96","98","20","966.157952527","low_load","1","1","1","6","4","2","Female","Right-handed","no","left","d","1649.1833227","649.181398356","6","4"
"96","98","20","964.210767412","low_load","1","1","1","3","1","4","Female","Right-handed","no","left","d","949.714859718","752.833201677","6","6"
"96","98","20","959.607235741","low_load","1","1","1","","6","3","Female","Right-handed","no","left","s","679.451073287","696.546661111","6","5"
"96","98","20","959.542905074","low_load","1","1","1","2","0","1","Female","Right-handed","no","left","d","1134.27716193","777.088968065","6","1"
"96","98","20","958.135165569","low_load","1","1","1","2","0","1","Female","Right-handed","no","left","s","615.705759479","1128.82035216","6","3"
"96","98","20","957.418697171","low_load","1","1","1","2","0","2","Female","Right-handed","no","left","s","673.571548388","1152.42376454","6","0"
"96","98","20","954.085282277","low_load","1","1","1","2","0","1","Female","Right-handed","no","down","s","799.083946156","689.076341776","6","3"
"96","98","20","950.081638001","low_load","1","1","1","","6","2","Female","Right-handed","no","down","d","818.716786955","568.980021737","6","4"
"96","98","20","945.974716671","low_load","1","1","1","2","0","4","Female","Right-handed","no","down","d","693.431782984","664.617877388","6","6"
"97","98","20","944.784215547","low_load","1","1","1","2","0","2","Female","Right-handed","no","left","d","563.111401476","1169.31088132","6","0"
"97","98","20","944.454305156","low_load","1","1","1","6","4","3","Female","Right-handed","no","left","s","731.759344875","1112.94127307","6","7"
"97","98","20","941.587647426","low_load","1","1","1","","6","1","Female","Right-handed","no","down","d","764.632662795","728.677180665","6","3"
"97","98","20","946.373575164","low_load","1","1","1","3","1","3","Female","Right-handed","no","down","d","945.00373484","1608.20144332","6","5"
"97","98","20","947.28155994","low_load","1","1","1","2","0","1","Female","Right-handed","no","down","d","1372.89632671","648.784661917","6","3"
"97","98","20","944.640315909","low_load","1","1","1","","6","2","Female","Right-handed","no","down","s","657.684771897","856.539207471","6","0"
"97","98","20","941.283297752","low_load","1","1","1","5","3","0","Female","Right-handed","no","down","s","766.126277645","633.029703276","6","2"
"97","98","20","939.487744863","low_load","1","1","1","2","0","3","Female","Right-handed","no","left","s","855.897116653","760.927651249","6","5"
"97","98","20","936.474848717","low_load","1","1","1","2","0","4","Female","Right-handed","no","down","s","778.520683052","648.520384781","6","6"
"97","98","20","933.222460076","low_load","1","1","1","1","1","2","Female","Right-handed","no","left","s","673.218751232","705.367872815","6","4"
"97","98","20","935.496828339","low_load","1","1","1","2","0","3","Female","Right-handed","no","left","s","1527.97665381","688.720978826","6","5"
"97","98","20","931.593413437","low_load","1","1","1","2","0","3","Female","Right-handed","no","left","s","677.508443878","584.552488035","6","7"
"97","98","20","928.189856963","low_load","1","1","1","1","1","1","Female","Right-handed","no","down","s","677.184191223","648.240712853","6","3"
"97","98","20","929.792103855","low_load","1","1","1","0","2","3","Female","Right-handed","no","left","s","1263.93781277","848.801403747","6","5"
"100","100","20","771.630233947","low_load","1","1","2","2","0","2","Female","Right-handed","no","down","s","910.101191847","633.159276047","6","4"
"100","100","20","793.459718102","low_load","1","1","2","6","4","0","Female","Right-handed","no","left","s","876.862247784","753.716156731","6","2"
"100","100","20","931.45680528","low_load","1","1","2","","6","3","Female","Right-handed","no","left","d","885.433294235","1529.46866504","6","5"
"100","100","20","934.125154469","low_load","1","1","2","5","3","4","Female","Right-handed","no","left","d","947.146496452","937.113907618","6","6"
"100","100","20","1096.73325873","low_load","1","1","2","","6","3","Female","Right-handed","no","left","s","2476.68860744","1017.64274413","6","5"
"100","100","20","1104.73804437","low_load","1","1","2","5","3","2","Female","Right-handed","no","left","s","1392.2587966","897.265148549","6","0"
"100","100","20","1067.61776655","low_load","1","1","2","2","0","1","Female","Right-handed","no","left","s","1024.90042301","664.891776265","6","1"
"100","100","20","1038.79323409","low_load","1","1","2","2","0","4","Female","Right-handed","no","left","d","1072.54343334","601.499580331","6","6"
"100","100","20","982.829059694","low_load","1","1","2","","6","3","Female","Right-handed","no","left","s","581.141901748","489.089427341","6","7"
"100","100","20","1010.74575224","low_load","1","1","2","","6","4","Female","Right-handed","no","down","d","1674.93013815","849.061832192","6","6"
"100","100","20","974.003937741","low_load","1","1","2","","6","2","Female","Right-handed","no","left","s","643.569037111","569.602548348","6","0"
"100","100","20","957.146304551","low_load","1","1","2","2","0","3","Female","Right-handed","no","down","d","662.165937178","881.258741752","6","7"
"100","100","20","1011.89538247","low_load","1","1","2","3","1","4","Female","Right-handed","no","left","d","1752.90985488","1584.85878011","6","6"
"100","100","20","983.661356794","low_load","1","1","2","1","1","3","Female","Right-handed","no","left","s","719.637234724","513.600811304","6","5"
"100","100","20","977.589608606","low_load","1","1","2","2","0","2","Female","Right-handed","no","down","d","592.01575143","1193.1545165","6","0"
"100","100","20","953.797304085","low_load","1","1","2","2","0","3","Female","Right-handed","no","left","d","560.838425641","632.987046895","6","5"
"100","94","20","953.221625681","low_load","1","0","2","","6","1","Female","Right-handed","no","down","d","607.442929446","1280.57861299","6","1"
"100","88","20","955.689443857","low_load","1","0","2","7","3","0","Female","Right-handed","no","left","s","1081.9878131","913.296892595","6","2"
"100","89","20","961.802905533","low_load","1","1","2","7","3","4","Female","Right-handed","no","left","d","1358.97110239","784.719329018","6","6"
"100","90","20","963.329758857","low_load","1","1","2","2","0","1","Female","Right-handed","no","down","s","1223.45562245","761.224321581","6","1"
"100","90","20","946.557477933","low_load","1","1","2","","6","1","Female","Right-handed","no","down","s","717.110565667","505.113153271","6","3"
"100","90","20","938.912553511","low_load","1","1","2","7","3","2","Female","Right-handed","no","down","s","891.797434138","664.940847142","6","4"
"100","91","20","929.455880673","low_load","1","1","2","0","2","4","Female","Right-handed","no","left","d","722.435557589","720.382598891","6","6"
"100","91","20","936.258942472","low_load","1","1","2","2","0","2","Female","Right-handed","no","left","s","1480.23935041","705.219377287","6","0"
"100","88","20","960.701232449","low_load","1","0","2","2","0","1","Female","Right-handed","no","down","s","1789.87914773","1304.75323603","6","3"
"100","88","20","959.501865964","low_load","1","1","2","3","1","3","Female","Right-handed","no","down","s","1289.48225093","569.553156747","6","5"
"100","88","20","951.395296701","low_load","1","1","2","","6","2","Female","Right-handed","no","left","d","688.179274835","793.069716885","6","4"
"100","89","20","946.943534999","low_load","1","1","2","5","3","1","Female","Right-handed","no","down","d","1100.6552726","552.836665502","6","1"
"100","89","20","936.17152449","low_load","1","1","2","2","0","3","Female","Right-handed","no","down","s","708.465431813","560.645028654","6","5"
"100","90","20","929.306880816","low_load","1","1","2","2","0","4","Female","Right-handed","no","left","s","835.238598316","625.225830266","6","6"
"100","90","20","926.387073992","low_load","1","1","2","7","3","2","Female","Right-handed","no","left","s","956.596649259","720.989089266","6","0"
"100","90","20","919.063412161","low_load","1","1","2","","6","1","Female","Right-handed","no","down","d","711.433097313","672.626693464","6","1"
"100","90","20","910.162848735","low_load","1","1","2","","6","3","Female","Right-handed","no","down","d","689.348316308","561.341321943","6","5"
"100","91","20","908.393422518","low_load","1","1","2","2","0","1","Female","Right-handed","no","down","s","1019.0468768","680.957837853","6","3"
"100","91","20","909.697912627","low_load","1","1","2","","6","0","Female","Right-handed","no","down","s","1035.61134455","872.489808171","6","2"
"100","91","20","908.002284878","low_load","1","1","2","2","0","1","Female","Right-handed","no","down","d","912.073648651","785.23697866","6","1"
"100","91","20","899.513597613","low_load","1","1","2","2","0","2","Female","Right-handed","no","down","s","602.901467926","584.940244182","6","0"
"100","92","20","894.999903867","low_load","1","1","2","2","0","3","Female","Right-handed","no","down","d","711.346501648","744.6399689","6","5"
"100","92","20","893.109942341","low_load","1","1","2","","6","3","Female","Right-handed","no","left","s","697.236860629","945.345948076","6","7"
"100","92","20","890.157929645","low_load","1","1","2","2","0","3","Female","Right-handed","no","left","s","877.049871728","673.008997292","6","7"
"100","92","20","885.192081896","low_load","1","1","2","2","0","2","Female","Right-handed","no","down","s","796.473247232","576.643096607","6","0"
"100","92","20","883.79154658","low_load","1","1","2","2","0","2","Female","Right-handed","no","down","s","924.438547387","728.300649884","6","4"
"100","93","20","878.457909028","low_load","1","1","2","6","4","3","Female","Right-handed","no","left","d","595.932120545","712.958143184","6","5"
"100","93","20","874.157576527","low_load","1","1","2","2","0","3","Female","Right-handed","no","left","d","721.667742699","656.818815249","6","7"
"100","93","20","867.427500452","low_load","1","1","2","","6","4","Female","Right-handed","no","down","d","590.238936682","552.369369638","6","6"
"97","91","20","885.725164157","low_load","0","0","2","2","0","1","Female","Right-handed","no","down","s","819.176385426","2599.06367636","6","1"
"97","91","20","882.787626084","low_load","1","1","2","","6","2","Female","Right-handed","no","left","s","902.545559744","592.776189656","6","4"
"97","91","20","878.194147239","low_load","1","1","2","","6","0","Female","Right-handed","no","down","s","700.24237164","624.358911449","6","2"
"97","91","20","874.720251985","low_load","1","1","2","5","3","1","Female","Right-handed","no","down","s","686.982009589","728.96454998","6","1"
"98","92","20","882.049533361","low_load","1","1","2","7","3","0","Female","Right-handed","no","left","d","1113.65135751","1368.71728408","6","2"
"98","92","20","876.408048179","low_load","1","1","2","2","0","3","Female","Right-handed","no","left","s","652.253299373","536.414278791","6","5"
"98","92","20","873.516817951","low_load","1","1","2","","6","2","Female","Right-handed","no","down","d","699.051200169","753.076952435","6","0"
"98","92","20","882.717225149","low_load","1","1","2","","6","2","Female","Right-handed","no","left","d","1993.6345772","728.642221671","6","4"
"98","92","20","888.005782381","low_load","1","1","2","4","2","2","Female","Right-handed","no","left","s","1512.35672026","824.241911083","6","0"
"98","92","20","883.668722424","low_load","1","1","2","2","0","3","Female","Right-handed","no","left","s","681.911993786","617.022975755","6","7"
"98","92","20","883.728278863","low_load","1","1","2","5","3","2","Female","Right-handed","no","down","d","981.457943853","792.549822174","6","4"
"98","92","20","883.298187816","low_load","1","1","2","2","0","3","Female","Right-handed","no","left","s","918.220657943","800.205520376","6","7"
"98","93","20","877.861999158","low_load","1","1","2","2","0","4","Female","Right-handed","no","down","d","639.059648056","496.938843255","6","6"
"98","93","20","878.393585841","low_load","1","1","2","4","2","3","Female","Right-handed","no","down","s","1001.75243967","816.698787246","6","5"
"98","93","20","873.334984531","low_load","1","1","2","","6","2","Female","Right-handed","no","down","s","533.329869504","616.425144944","6","0"
"98","93","20","872.631939155","low_load","1","1","2","2","0","4","Female","Right-handed","no","down","d","916.819091071","744.079342156","6","6"
"96","91","20","883.043623761","low_load","0","0","2","2","0","2","Female","Right-handed","no","down","d","1191.71510411","1844.59766532","6","4"
"96","92","20","883.126812855","low_load","1","1","2","","6","3","Female","Right-handed","no","down","d","904.238665349","872.330408001","6","7"
"96","92","20","880.661938263","low_load","1","1","2","","6","1","Female","Right-handed","no","left","d","738.856019954","711.893657957","6","3"
"96","92","20","882.877256665","low_load","1","1","2","3","1","2","Female","Right-handed","no","down","s","1312.73479051","736.580478322","6","4"
"96","92","20","883.322556498","low_load","1","1","2","2","0","2","Female","Right-handed","no","left","d","856.28038265","968.253708619","6","4"
"97","92","20","879.825578715","low_load","1","1","2","2","0","1","Female","Right-handed","no","left","s","706.044601899","592.005488241","6","3"
"97","92","20","880.630699148","low_load","1","1","2","2","0","1","Female","Right-handed","no","left","d","1172.56238817","696.585148071","6","3"
"97","92","20","877.812810674","low_load","1","1","2","2","0","2","Female","Right-handed","no","down","d","836.109365835","536.28342312","6","0"
"97","92","20","875.565823632","low_load","1","1","2","","6","0","Female","Right-handed","no","down","s","752.995488365","688.051947134","6","2"
"97","92","20","875.715083351","low_load","1","1","2","2","0","1","Female","Right-handed","no","down","d","1027.54351512","744.783012109","6","3"
"97","93","20","877.113274987","low_load","1","1","2","","6","1","Female","Right-handed","no","down","d","1080.35564519","872.414117144","6","1"
"97","93","20","883.652958107","low_load","1","1","2","2","0","1","Female","Right-handed","no","down","s","828.992805822","1880.02747969","6","1"
"97","93","20","881.070298664","low_load","1","1","2","2","0","2","Female","Right-handed","no","left","d","728.508158754","656.56415985","6","4"
"97","93","20","881.905664821","low_load","1","1","2","","6","1","Female","Right-handed","no","left","s","759.113311709","1128.33220919","6","3"
"97","93","20","878.872596525","low_load","1","1","2","0","2","0","Female","Right-handed","no","down","d","782.813903672","519.971044974","6","2"
"97","93","20","879.038648003","low_load","1","1","2","2","0","3","Female","Right-handed","no","left","d","678.614302589","1104.70281811","6","5"
"97","93","20","876.433882964","low_load","1","1","2","","6","4","Female","Right-handed","no","down","d","711.401345568","640.332604325","6","6"
"97","93","20","877.687608401","low_load","1","1","2","6","4","3","Female","Right-handed","no","left","s","1319.02548446","631.930900505","6","7"
"97","93","20","877.506543585","low_load","1","1","2","2","0","4","Female","Right-handed","no","down","d","926.739426268","799.66542001","6","6"
"100","100","20","895.801681816","low_load","1","1","3","","6","3","Female","Right-handed","no","down","d","686.214836147","1105.38852749","6","5"
"100","100","20","902.904370483","low_load","1","1","3","2","0","1","Female","Right-handed","no","left","d","1131.05836901","688.955749294","6","3"
"100","100","20","920.828737616","low_load","1","1","3","0","2","4","Female","Right-handed","no","left","s","1072.68840089","840.666542867","6","6"
"100","100","20","932.932259098","low_load","1","1","3","","6","2","Female","Right-handed","no","left","d","1073.20380546","865.281841627","6","0"
"100","100","20","972.937732265","low_load","1","1","3","","6","1","Female","Right-handed","no","down","s","808.885292496","1457.03395737","6","1"
"100","100","20","1019.72272389","low_load","1","1","3","2","0","3","Female","Right-handed","no","down","s","1562.77175403","944.523609985","6","7"
"100","100","20","1026.3632941","low_load","1","1","3","","6","2","Female","Right-handed","no","down","d","931.095829652","1201.31760115","6","4"
"100","100","20","1022.28381072","low_load","1","1","3","2","0","2","Female","Right-handed","no","down","s","898.760687749","1088.69416624","6","0"
"100","100","20","1010.36069019","low_load","1","1","3","2","0","1","Female","Right-handed","no","down","s","1213.46985942","616.481592486","6","1"
"100","100","20","1007.88259488","low_load","1","1","3","2","0","1","Female","Right-handed","no","left","d","1138.07325929","833.086214963","6","1"
"100","100","20","1026.3246447","low_load","1","1","3","","6","3","Female","Right-handed","no","left","s","1636.81072657","784.679559158","6","7"
"100","100","20","1019.70262514","low_load","1","1","3","1","1","4","Female","Right-handed","no","left","d","1093.26288936","800.457930705","6","6"
"100","100","20","1012.92202218","low_load","1","1","3","2","0","2","Female","Right-handed","no","left","d","806.171640943","1056.9379324","6","4"
"100","100","20","1013.72639793","low_load","1","1","3","2","0","2","Female","Right-handed","no","left","s","927.608269434","1120.75829579","6","0"
"100","100","20","1019.83603057","low_load","1","1","3","2","0","4","Female","Right-handed","no","left","s","1522.35274648","688.389028779","6","6"
"100","100","20","1024.46619185","low_load","1","1","3","2","0","3","Female","Right-handed","no","down","d","1050.82844789","1137.00877407","6","7"
"100","100","20","1021.00848556","low_load","1","1","3","4","2","3","Female","Right-handed","no","down","d","1058.6842783","872.68609168","6","7"
"100","100","20","1005.63090091","low_load","1","1","3","2","0","3","Female","Right-handed","no","down","s","888.20114826","600.222775367","6","7"
"100","94","20","996.518567317","low_load","1","0","3","","6","1","Female","Right-handed","no","left","s","872.00840042","792.984724845","6","3"
"100","95","20","989.850362691","low_load","1","1","3","4","2","0","Female","Right-handed","no","down","s","1085.71110596","640.597843638","6","2"
"100","95","20","983.938871463","low_load","1","1","3","2","0","2","Female","Right-handed","no","left","d","1107.28016167","624.13793214","6","4"
"100","95","20","974.97257731","low_load","1","1","3","4","2","1","Female","Right-handed","no","down","d","820.201421513","753.159378681","6","1"
"100","95","20","970.198199627","low_load","1","1","3","2","0","2","Female","Right-handed","no","down","d","833.686611571","896.637169619","6","0"
"100","95","20","957.750863898","low_load","1","1","3","","6","3","Female","Right-handed","no","down","s","750.529756995","592.394527281","6","5"
"100","96","20","951.84111684","low_load","1","1","3","1","1","2","Female","Right-handed","no","down","d","899.950576328","720.063798552","6","4"
"100","96","20","944.58451067","low_load","1","1","3","","6","4","Female","Right-handed","no","left","s","837.733194909","688.605517942","6","6"
"100","96","20","953.575333649","low_load","1","1","3","","6","0","Female","Right-handed","no","down","s","1326.35468494","1048.31877724","6","2"
"100","96","20","952.096744493","low_load","1","1","3","4","2","4","Female","Right-handed","no","left","d","1144.20904322","680.140631361","6","6"
"100","96","20","956.600564314","low_load","1","1","3","2","0","2","Female","Right-handed","no","left","s","1404.63588287","760.77915572","6","4"
"100","96","20","955.373736732","low_load","1","1","3","","6","1","Female","Right-handed","no","left","s","1039.30128203","800.290191692","6","1"
"100","96","20","949.879613921","low_load","1","1","3","5","3","3","Female","Right-handed","no","down","s","897.043207064","673.068652079","6","7"
"100","96","20","950.856654628","low_load","1","1","3","1","1","0","Female","Right-handed","no","down","s","1361.64305973","600.646773397","6","2"
"100","96","20","942.688219249","low_load","1","1","3","2","0","3","Female","Right-handed","no","down","d","722.267497858","640.329076356","6","5"
"100","97","20","944.182580601","low_load","1","1","3","2","0","1","Female","Right-handed","no","left","d","971.020921192","1015.97208926","6","1"
"100","97","20","943.909665052","low_load","1","1","3","2","0","2","Female","Right-handed","no","down","d","740.569651938","1128.69142084","6","4"
"100","97","20","954.031185878","low_load","1","1","3","7","3","2","Female","Right-handed","no","left","d","1736.429417","880.139412606","6","0"
"100","97","20","950.000772773","low_load","1","1","3","2","0","3","Female","Right-handed","no","left","s","945.960456571","663.851345391","6","7"
"100","97","20","943.398993103","low_load","1","1","3","2","0","3","Female","Right-handed","no","down","s","765.679828888","632.586461761","6","7"
"100","97","20","942.588439482","low_load","1","1","3","2","0","3","Female","Right-handed","no","down","d","1127.21897382","696.355829925","6","5"
"100","97","20","944.472650844","low_load","1","1","3","2","0","1","Female","Right-handed","no","down","s","971.903234797","1064.01055312","6","1"
"100","97","20","938.561873959","low_load","1","1","3","6","4","2","Female","Right-handed","no","down","s","739.627042094","664.634555069","6","0"
"100","97","20","936.604291366","low_load","1","1","3","5","3","2","Female","Right-handed","no","down","d","1088.34393489","624.342875213","6","0"
"100","97","20","936.181527396","low_load","1","1","3","","6","2","Female","Right-handed","no","left","d","708.889429843","1127.96145146","6","4"
"100","97","20","931.507975446","low_load","1","1","3","3","1","0","Female","Right-handed","no","left","d","748.505022068","712.5854611","6","2"
"100","97","20","931.726402886","low_load","1","1","3","4","2","1","Female","Right-handed","no","down","d","1034.36244262","848.311977879","6","1"
"100","97","20","930.276841738","low_load","1","1","3","","6","4","Female","Right-handed","no","down","d","834.066670323","896.026509818","6","6"
"100","97","20","932.037463673","low_load","1","1","3","0","2","3","Female","Right-handed","no","left","s","1233.4962294","792.555915941","6","7"
"100","97","20","928.44898906","low_load","1","1","3","2","0","2","Female","Right-handed","no","down","s","703.33095035","816.250414136","6","4"
"100","97","20","923.784969389","low_load","1","1","3","2","0","2","Female","Right-handed","no","left","s","783.861711214","615.962339227","6","0"
"100","98","20","925.051346418","low_load","1","1","3","2","0","3","Female","Right-handed","no","left","s","1421.59580415","552.611837502","6","5"
"100","98","20","921.161404578","low_load","1","1","3","2","0","1","Female","Right-handed","no","down","d","845.061753935","608.266871161","6","3"
"100","98","20","922.666858065","low_load","1","1","3","2","0","4","Female","Right-handed","no","down","d","790.980516293","1207.90945557","6","6"
"100","98","20","920.014601203","low_load","1","1","3","2","0","1","Female","Right-handed","no","left","s","827.582900114","736.611588618","6","1"
"100","98","20","919.166136491","low_load","1","1","3","","6","1","Female","Right-handed","no","left","s","1084.02794282","664.367070684","6","3"
"100","98","20","918.968958195","low_load","1","1","3","","6","3","Female","Right-handed","no","left","s","1048.78575238","767.856908042","6","7"
"100","98","20","916.203385588","low_load","1","1","3","","6","1","Female","Right-handed","no","left","s","792.443341579","735.75044284","6","1"
"100","98","20","912.968262329","low_load","1","1","3","6","4","2","Female","Right-handed","no","left","s","815.234358339","648.368361279","6","4"
"100","98","20","913.580955129","low_load","1","1","3","0","2","1","Female","Right-handed","no","left","s","1296.97341738","600.035472151","6","3"
"100","98","20","911.303123906","low_load","1","1","3","","6","0","Female","Right-handed","no","left","s","926.63551147","631.742314395","6","2"
"100","98","20","911.536961328","low_load","1","1","3","2","0","1","Female","Right-handed","no","down","d","1002.36245802","848.304280487","6","3"
"100","98","20","919.036799735","low_load","1","1","3","2","0","3","Female","Right-handed","no","left","d","1706.04909204","1032.0051162","6","5"
"100","98","20","918.149653634","low_load","1","1","3","2","0","3","Female","Right-handed","no","left","d","1016.54426209","711.523220947","6","5"
"100","98","20","927.411782296","low_load","1","1","3","2","0","4","Female","Right-handed","no","down","s","923.091824439","2080.23569415","6","6"
"100","98","20","924.529958933","low_load","1","1","3","","6","2","Female","Right-handed","no","down","d","718.050609714","767.899564424","6","0"
"100","98","20","924.107149972","low_load","1","1","3","2","0","1","Female","Right-handed","no","down","d","1050.55871843","743.536034541","6","3"
"100","98","20","920.289157211","low_load","1","1","3","","6","1","Female","Right-handed","no","down","d","688.084019603","656.15523588","6","3"
"100","98","20","919.42589822","low_load","1","1","3","2","0","2","Female","Right-handed","no","left","s","1028.92359344","695.978016247","6","0"
"100","98","20","920.045324341","low_load","1","1","3","6","4","1","Female","Right-handed","no","down","d","1115.60457084","807.489177951","6","1"
"100","98","20","919.656505165","low_load","1","1","3","2","0","4","Female","Right-handed","no","down","s","1010.32669337","776.106909085","6","6"
"100","98","20","921.12205943","low_load","1","1","3","2","0","4","Female","Right-handed","no","left","s","1476.69694628","567.793661135","6","6"
"100","98","20","923.571170065","low_load","1","1","3","7","3","4","Female","Right-handed","no","left","d","1374.50540245","815.512426638","6","6"
"100","98","20","922.93433971","low_load","1","1","3","","6","2","Female","Right-handed","no","left","s","851.194009891","904.24475912","6","0"
"100","98","20","926.732187996","low_load","1","1","3","","6","0","Female","Right-handed","no","left","s","904.713979329","1495.64054974","6","2"
"100","98","20","926.571916967","low_load","1","1","3","2","0","1","Female","Right-handed","no","down","d","878.443741203","951.300522556","6","3"
"100","98","20","924.572614581","low_load","1","1","3","","6","3","Female","Right-handed","no","down","d","825.15180701","728.096668987","6","7"
"100","98","20","922.167035914","low_load","1","1","3","","6","2","Female","Right-handed","no","down","d","611.713378614","871.78389314","6","4"
"100","98","20","923.210182261","low_load","1","1","3","","6","4","Female","Right-handed","no","left","d","725.588922683","1279.38968658","6","6"
"100","98","20","923.901465121","low_load","1","1","3","5","3","1","Female","Right-handed","no","left","d","1066.23830678","888.022183885","6","3"
"100","98","20","928.019184744","low_load","1","1","3","3","1","2","Female","Right-handed","no","left","s","1738.60072311","759.801907603","6","0"
"100","98","20","924.548584017","low_load","1","1","3","","6","3","Female","Right-handed","no","down","s","677.333648928","623.40860421","6","5"
"100","100","20","835.059152856","low_load","1","1","4","2","0","1","Female","Right-handed","no","left","s","893.968419521","776.149886191","6","3"
"100","100","20","821.920425639","low_load","1","1","4","2","0","2","Female","Right-handed","no","left","s","976.831490287","640.731906558","6","0"
"100","100","20","898.631435701","low_load","1","1","4","","6","1","Female","Right-handed","no","left","d","1503.50279463","600.604117015","6","3"
"100","100","20","976.029598397","low_load","1","1","4","2","0","3","Female","Right-handed","no","left","s","1760.2903713","656.157801674","6","7"
"100","100","20","968.591560001","low_load","1","1","4","","6","2","Female","Right-handed","no","left","d","1092.90303627","784.775776563","6","0"
"100","100","20","943.221494497","low_load","1","1","4","","6","0","Female","Right-handed","no","left","s","1072.25093243","560.491401531","6","2"
"100","100","20","915.637701699","low_load","1","1","4","1","1","1","Female","Right-handed","no","down","d","900.280281301","599.989608519","6","3"
"100","100","20","908.034742661","low_load","1","1","4","","6","2","Female","Right-handed","no","left","d","628.786194986","1080.84186381","6","0"
"100","100","20","900.021688115","low_load","1","1","4","","6","4","Female","Right-handed","no","down","d","775.339414915","896.495088582","6","6"
"100","100","20","892.279755954","low_load","1","1","4","","6","1","Female","Right-handed","no","down","d","1029.09293607","616.111796928","6","1"
"100","100","20","886.789988806","low_load","1","1","4","7","3","3","Female","Right-handed","no","down","s","886.915363","776.86927166","6","5"
"100","100","20","886.423705424","low_load","1","1","4","2","0","3","Female","Right-handed","no","left","d","941.376980114","823.412196325","6","7"
"100","100","20","936.011194475","low_load","1","1","4","2","0","1","Female","Right-handed","no","left","s","814.132989773","2247.98913641","6","1"
"100","100","20","915.203096844","low_load","1","1","4","","6","3","Female","Right-handed","no","left","s","672.670953474","616.724701799","6","7"
"100","100","20","902.322228455","low_load","1","1","4","2","0","1","Female","Right-handed","no","left","s","835.545852566","608.434289446","6","3"
"100","100","20","908.213697012","low_load","1","1","4","1","1","2","Female","Right-handed","no","down","s","1145.12407074","848.047380016","6","0"
"100","100","20","898.483355228","low_load","1","1","4","5","3","3","Female","Right-handed","no","down","s","885.637275136","599.958498227","6","7"
"100","100","20","921.787321333","low_load","1","1","4","3","1","2","Female","Right-handed","no","down","d","1747.51526569","888.394224519","6","4"
"100","100","20","917.118099319","low_load","1","1","4","2","0","1","Female","Right-handed","no","down","d","1098.06510005","568.079106102","6","1"
"100","100","20","904.003710464","low_load","1","1","4","2","0","2","Female","Right-handed","no","left","d","692.824009708","616.836634712","6","0"
"100","100","20","899.809992006","low_load","1","1","4","5","3","0","Female","Right-handed","no","down","d","951.382628078","680.488617643","6","2"
"100","100","20","890.687136307","low_load","1","1","4","","6","1","Female","Right-handed","no","left","d","774.168449094","624.045884157","6","1"
"100","100","20","880.409651041","low_load","1","1","4","2","0","4","Female","Right-handed","no","left","d","764.713485416","543.89646494","6","6"
"100","100","20","873.852039494","low_load","1","1","4","2","0","2","Female","Right-handed","no","left","s","709.502976166","736.550971651","6","4"
"100","100","20","867.002908011","low_load","1","1","4","","6","0","Female","Right-handed","no","down","d","709.030869428","696.21663541","6","2"
"100","100","20","867.532360565","low_load","1","1","4","2","0","3","Female","Right-handed","no","left","d","665.63778188","1095.89956699","6","7"
"100","100","20","864.236932485","low_load","1","1","4","","6","1","Female","Right-handed","no","left","s","692.450365448","864.661239364","6","3"
"100","100","20","858.749653445","low_load","1","1","4","2","0","3","Female","Right-handed","no","down","d","813.098331942","608.087906785","6","7"
"100","100","20","865.152302033","low_load","1","1","4","0","2","1","Female","Right-handed","no","left","s","1400.9305506","687.922374364","6","1"
"100","100","20","857.051688097","low_load","1","1","4","2","0","1","Female","Right-handed","no","left","d","676.612339113","567.655428793","6","3"
"100","100","20","850.555364276","low_load","1","1","4","4","2","3","Female","Right-handed","no","down","s","767.173764463","544.157534834","6","7"
"100","100","20","848.036490411","low_load","1","1","4","","6","2","Female","Right-handed","no","left","d","691.842592172","848.060209002","6","0"
"100","100","20","852.069981893","low_load","1","1","4","","6","3","Female","Right-handed","no","down","s","698.561774298","1263.72164433","6","5"
"100","100","20","856.028901482","low_load","1","1","4","2","0","2","Female","Right-handed","no","down","s","1285.23970482","688.106791058","6","0"
"100","100","20","851.527041237","low_load","1","1","4","2","0","2","Female","Right-handed","no","left","d","885.063177953","511.864407865","6","4"
"100","100","20","845.918035386","low_load","1","1","4","2","0","1","Female","Right-handed","no","down","s","739.498752224","559.706908953","6","1"
"100","100","20","838.063810048","low_load","1","1","4","","6","2","Female","Right-handed","no","left","d","558.422406597","552.200989179","6","4"
"100","100","20","837.642801188","low_load","1","1","4","2","0","2","Female","Right-handed","no","left","s","668.12692615","976.004020605","6","4"
"100","100","20","832.863644369","low_load","1","1","4","","6","2","Female","Right-handed","no","left","d","590.769736034","711.741634456","6","4"
"100","100","20","831.249853669","low_load","1","1","4","","6","1","Female","Right-handed","no","down","s","920.225187215","616.398845519","6","1"
"100","100","20","830.623460076","low_load","1","1","4","7","3","1","Female","Right-handed","no","left","d","995.135568719","615.999864014","6","1"
"100","100","20","831.36502304","low_load","1","1","4","2","0","3","Female","Right-handed","no","down","s","979.761951723","743.776257328","6","5"
"100","100","20","827.924438338","low_load","1","1","4","3","1","1","Female","Right-handed","no","left","d","767.298847091","599.540914685","6","1"
"100","100","20","840.450399942","low_load","1","1","4","2","0","1","Female","Right-handed","no","left","s","2126.02876452","632.104733286","6","1"
"100","100","20","837.423585117","low_load","1","1","4","","6","3","Female","Right-handed","no","left","d","640.799900193","767.687565411","6","7"
"100","100","20","833.063171593","low_load","1","1","4","1","1","4","Female","Right-handed","no","down","s","682.25452775","591.434598304","6","6"
"100","100","20","838.987566207","low_load","1","1","4","7","3","1","Female","Right-handed","no","left","d","919.066088208","1303.95334867","6","3"
"100","97","20","848.597462939","low_load","1","0","4","2","0","4","Female","Right-handed","no","down","d","1688.76908753","911.756131212","6","6"
"100","97","20","851.492578388","low_load","1","1","4","","6","1","Female","Right-handed","no","down","d","981.477187335","999.439052528","6","3"
"100","98","20","849.223766084","low_load","1","1","4","","6","0","Female","Right-handed","no","down","d","916.077896331","560.026030016","6","2"
"100","98","20","852.653980094","low_load","1","1","4","4","2","2","Female","Right-handed","no","left","s","1152.61395428","895.715406877","6","0"
"100","98","20","850.414614985","low_load","1","1","4","","6","4","Female","Right-handed","no","down","s","945.087123258","527.326865602","6","6"
"100","98","20","850.245996135","low_load","1","1","4","","6","3","Female","Right-handed","no","down","d","778.980281528","903.975350382","6","7"
"100","98","20","854.550842126","low_load","1","1","4","2","0","3","Female","Right-handed","no","down","d","1397.70053231","767.714827009","6","5"
"100","98","20","850.281976769","low_load","1","1","4","2","0","1","Female","Right-handed","no","left","s","576.165537554","663.360957351","6","3"
"100","98","20","848.445465212","low_load","1","1","4","2","0","2","Female","Right-handed","no","down","s","862.857483738","632.017175449","6","4"
"100","98","20","848.512200111","low_load","1","1","4","4","2","4","Female","Right-handed","no","down","s","1072.87377976","631.624929159","6","6"
"100","98","20","848.78722274","low_load","1","1","4","2","0","3","Female","Right-handed","no","left","d","1081.4797852","647.44723999","6","5"
"98","98","20","856.766451781","low_load","0","1","4","0","2","3","Female","Right-handed","no","down","d","1121.0677951","1518.05567717","6","7"
"98","98","20","858.973775091","low_load","1","1","4","1","1","0","Female","Right-handed","no","down","d","1330.7810063","647.630694504","6","2"
"98","98","20","856.944698111","low_load","1","1","4","","6","2","Female","Right-handed","no","down","s","710.993063047","759.40709552","6","4"
"98","98","20","855.446413118","low_load","1","1","4","","6","3","Female","Right-handed","no","down","s","696.046651327","832.05540583","6","5"
"98","98","20","859.567036848","low_load","1","1","4","2","0","4","Female","Right-handed","no","down","d","966.602297219","1263.48911893","6","6"
"98","98","20","863.094308853","low_load","1","1","4","4","2","1","Female","Right-handed","no","left","s","1275.34278252","895.282107831","6","3"
"98","98","20","860.938311642","low_load","1","1","4","2","0","2","Female","Right-handed","no","down","d","870.035302167","575.873678092","6","0"
"98","98","20","858.098641345","low_load","1","1","4","2","0","2","Female","Right-handed","no","down","s","771.346071877","575.694072268","6","4"
"98","98","20","857.414699692","low_load","1","1","4","2","0","3","Female","Right-handed","no","down","d","769.229288962","855.319812224","6","5"
"98","98","20","857.284241477","low_load","1","1","4","2","0","3","Female","Right-handed","no","left","d","737.906995615","959.180086589","6","5"
"98","98","20","855.216508661","low_load","1","1","4","2","0","1","Female","Right-handed","no","down","d","805.675800588","623.545553652","6","1"
"98","98","20","855.103840802","low_load","1","1","4","5","3","2","Female","Right-handed","no","left","s","1023.35645437","671.303062696","6","4"
"98","98","20","860.743151436","low_load","1","1","4","2","0","4","Female","Right-handed","no","down","s","1407.08237076","1103.90742089","6","6"
"98","98","20","858.615322939","low_load","1","1","4","","6","4","Female","Right-handed","no","left","s","743.383048866","671.695950434","6","6"
"98","98","20","857.918721221","low_load","1","1","4","6","4","1","Female","Right-handed","no","down","s","1040.15505114","575.371743962","6","3"
"98","98","20","855.886331202","low_load","1","1","4","2","0","2","Female","Right-handed","no","down","d","855.991088985","559.052630601","6","0"
"98","98","20","857.577397548","low_load","1","1","4","0","2","1","Female","Right-handed","no","down","s","1501.7663912","463.666223102","6","1"
"98","98","20","857.093476695","low_load","1","1","4","","6","3","Female","Right-handed","no","left","d","850.434854565","791.163970818","6","5"
"98","98","20","856.488676671","low_load","1","1","4","2","0","1","Female","Right-handed","no","down","s","950.0134544","671.03429541","6","3"
"98","98","20","857.719207036","low_load","1","1","4","2","0","3","Female","Right-handed","no","left","d","681.175289188","1223.76480104","6","7"
"98","98","20","854.257742581","low_load","1","1","4","1","1","3","Female","Right-handed","no","down","s","577.188328571","591.338701623","6","7"
"98","98","20","854.087636095","low_load","1","1","4","2","0","4","Female","Right-handed","no","left","s","1010.18878176","671.109665713","6","6"
dis_reply=No
dis_loc_1=1
dis_loc_2=5
